,GameID,Date,Teams,Points,Wagers,Opener,Pinnacle,Fivedimes,Bookmaker,BetOnline,Bovada,Heritage,Intertops,Youwager,Justbet,Sportsbetting,Gtbets,Sportbet,Nitrogensports,Betphoenix,Betmania,Skybook,Mybookie,Abcislands,Jazz,Sportsinteraction,Betcris,Sbr,Wagerweb,Thegreek,Bodog,Matchbook,Looselines,Bet365
0,0,"Mon Jun 12, 2017",Cleveland,120,63%,+245,+322,+340,+317,+330,+260,+305,+300,+320,+317,+330,+300,+340,-,+316,+330,+330,+275,+335,+335,+260,+317,+306,+330,+320,+260,+335,+335,+320
1,0,"Mon Jun 12, 2017",Golden State,129,37%,-290,-370,-380,-400,-400,-320,-385,-380,-380,-400,-400,-400,-380,-,-376,-400,-400,-345,-430,-430,-320,-400,-385,-420,-400,-320,-360,-430,-400
0,0,"Fri Jun 09, 2017",Golden State,116,38%,+115,-188,-190,-200,-175,-190,-190,-200,-200,-200,-175,-200,-190,-,-194,-200,-200,-220,-195,-195,-200,-200,-210,-195,-200,-190,-183,-195,-200
1,0,"Fri Jun 09, 2017",Cleveland,137,62%,-135,+169,+175,+170,+155,+165,+165,+170,+175,+170,+155,+170,+175,-,+164,+170,+170,+180,+165,+165,+170,+170,+176,+170,+170,+165,+181,+165,+170
0,0,"Wed Jun 07, 2017",Golden State,118,39%,+115,-143,-147,-145,-147,-150,-140,-155,-150,-145,-147,-153,-147,-,-146,-140,-140,-150,-150,-150,-145,-145,-160,-140,-150,-150,-141,-150,-160
1,0,"Wed Jun 07, 2017",Cleveland,113,61%,-135,+129,+137,+125,+127,+130,+120,+135,+130,+125,+127,+133,+137,-,+126,+120,+120,+130,+125,+125,+125,+125,+140,+120,+130,+130,+136,+125,+140
0,0,"Sun Jun 04, 2017",Cleveland,113,66%,+255,+346,+350,+334,+330,+300,+330,+315,+320,+334,+330,+310,+350,-,+336,+345,+345,+335,+345,+345,+305,+334,+337,+330,+340,+300,+360,+345,+350
1,0,"Sun Jun 04, 2017",Golden State,132,34%,-310,-400,-395,-425,-400,-400,-420,-400,-410,-425,-400,-410,-395,-,-411,-420,-420,-435,-445,-445,-395,-425,-430,-420,-430,-400,-375,-445,-450
0,0,"Thu Jun 01, 2017",Cleveland,91,62%,+255,+281,+280,+278,+270,+240,+290,+255,+270,+278,+270,+265,+280,-,+271,+271,+262,+250,+275,+275,+225,+278,+271,+295,+260,+240,+290,+275,+275
1,0,"Thu Jun 01, 2017",Golden State,113,38%,-310,-320,-310,-345,-320,-280,-360,-310,-330,-345,-320,-325,-310,-,-331,-331,-322,-310,-345,-345,-275,-345,-335,-365,-320,-280,-296,-345,-350
0,0,"Thu May 25, 2017",Cleveland,135,39%,-500,-525,-500,-580,-525,-580,-570,-530,-550,-580,-525,-525,-500,-,-544,-544,-544,-565,-535,-535,-600,-580,-575,-570,-550,-580,-490,-535,-550
1,0,"Thu May 25, 2017",Boston,102,62%,+400,+442,+435,+435,+430,+390,+445,+400,+445,+435,+430,+415,+435,-,+424,+424,+424,+415,+405,+405,+450,+435,+431,+445,+425,+390,+470,+405,+425
0,0,"Tue May 23, 2017",Boston,99,70%,+1300,+1346,+1350,+1253,+1225,+1000,+1290,+1100,+1350,+1253,+1225,+1350,+1350,-,+1346,+1453,+1453,+1100,-,-,+1200,+1253,+1322,+1290,+1400,+1000,+1500,-,+1400
1,0,"Tue May 23, 2017",Cleveland,112,30%,-2150,-2135,-2300,-2850,-2050,-2200,-2040,-3000,-2300,-2850,-2050,-2300,-2300,-,-2135,-2400,-2400,-2800,-,-,-2450,-2850,-3200,-2040,-3000,-2200,-1600,-,-2800
0,0,"Mon May 22, 2017",Golden State,129,32%,-600,-642,-750,-750,-725,-700,-665,-680,-800,-750,-725,-750,-750,-,-696,-747,-700,-790,-610,-610,-750,-750,-775,-665,-750,-700,-660,-610,-800
1,0,"Mon May 22, 2017",San Antonio,115,68%,+450,+528,+525,+534,+560,+450,+515,+485,+600,+534,+560,+550,+525,-,+496,+522,+569,+540,+450,+450,+550,+534,+548,+515,+550,+450,+630,+450,+550
0,0,"Sun May 21, 2017",Boston,111,65%,+1250,+1681,+1700,+1453,+1800,+1350,+1665,+1200,+1620,+1453,+1800,+1700,+1700,-,+1681,+1289,+1289,+1400,-,-,+1700,+1453,+1481,+1665,+1700,+1350,+1800,-,+1500
1,0,"Sun May 21, 2017",Cleveland,108,35%,-2000,-3050,-3400,-4000,-3300,-3400,-3165,-4000,-3300,-4000,-3300,-3400,-3400,-,-3050,-2000,-2000,-4500,-,-,-7900,-4000,-4200,-3165,-3300,-3400,-700,-,-3500
0,0,"Sat May 20, 2017",Golden State,120,51%,-270,-450,-485,-500,-475,-550,-530,-490,-475,-495,-475,-485,-485,-,-468,-485,-485,-500,-475,-475,-510,-500,-460,-515,-450,-550,-440,-475,-500
1,0,"Sat May 20, 2017",San Antonio,108,49%,+230,+385,+385,+384,+400,+375,+405,+370,+380,+381,+400,+385,+385,-,+368,+385,+385,+375,+365,+365,+385,+384,+358,+390,+350,+375,+420,+365,+375
0,0,"Fri May 19, 2017",Cleveland,130,57%,-220,-212,-200,-220,-215,-250,-215,-225,-220,-220,-215,-210,-200,-,-219,-225,-225,-225,-215,-215,-265,-220,-240,-215,-230,-250,-208,-215,-220
1,0,"Fri May 19, 2017",Boston,86,43%,+200,+190,+185,+184,+185,+210,+185,+185,+185,+184,+185,+180,+185,-,+179,+185,+185,+185,+180,+180,+215,+184,+199,+185,+190,+210,+202,+180,+180
0,0,"Wed May 17, 2017",Cleveland,117,59%,-155,-177,-190,-185,-190,-220,-200,-190,-185,-185,-190,-190,-190,-,-178,-185,-185,-185,-175,-175,-195,-185,-185,-190,-185,-220,-172,-175,-180
1,0,"Wed May 17, 2017",Boston,104,41%,+135,+159,+165,+160,+165,+180,+170,+165,+165,+160,+165,+165,+165,-,+158,+165,+165,+155,+145,+145,+165,+160,+160,+165,+165,+180,+167,+145,+160
0,0,"Tue May 16, 2017",San Antonio,100,69%,+800,+1000,+885,+818,+975,+750,+915,+750,+910,+818,+975,+900,+885,-,+1000,-,-,+800,+760,+760,+800,+818,+797,+915,+900,+750,+1000,+760,+900
1,0,"Tue May 16, 2017",Golden State,136,31%,-1250,-1403,-1350,-1350,-1500,-1400,-1315,-1400,-1400,-1350,-1500,-1350,-1350,-,-1403,-,-,-1400,-1245,-1245,-1200,-1350,-1300,-1315,-1400,-1400,-1050,-1245,-1500
0,0,"Mon May 15, 2017",Washington,105,51%,+155,+180,+180,+176,+200,+180,+185,+180,+180,+172,+200,+190,+180,-,+173,+173,+173,+180,+175,+175,+185,+176,+180,+185,+180,+180,+190,+175,+180
1,0,"Mon May 15, 2017",Boston,115,49%,-175,-200,-220,-210,-240,-220,-215,-220,-210,-205,-240,-220,-220,-,-208,-208,-208,-220,-210,-210,-225,-210,-215,-220,-220,-220,-193,-210,-220
0,0,"Sun May 14, 2017",San Antonio,111,61%,+500,+545,+475,+462,+535,+415,+505,+470,+465,+462,+535,+475,+475,-,+518,+425,+425,+475,+430,+455,+435,+462,+477,+505,+475,+415,+600,+455,+475
1,0,"Sun May 14, 2017",Golden State,113,39%,-600,-666,-650,-625,-700,-630,-655,-650,-650,-625,-700,-650,-650,-,-718,-575,-575,-650,-580,-620,-605,-625,-650,-655,-650,-630,-610,-620,-650
0,0,"Fri May 12, 2017",Boston,91,62%,+180,+191,+180,+180,+195,+160,+185,+180,+185,+180,+195,+190,+180,-,+182,+182,+182,+180,+175,+175,+165,+180,+188,+190,+180,+160,+206,+175,+180
1,0,"Fri May 12, 2017",Washington,92,38%,-220,-213,-220,-215,-225,-180,-215,-220,-220,-215,-225,-220,-220,-,-222,-222,-222,-220,-215,-215,-190,-215,-225,-225,-220,-180,-210,-215,-220
0,0,"Thu May 11, 2017",San Antonio,114,53%,+243,+427,+425,+416,+425,+400,+380,+390,+445,+416,+425,+415,+425,-,+406,+406,+406,+415,+355,+355,+425,+416,+431,+385,+425,+400,+500,+355,+400
1,0,"Thu May 11, 2017",Houston,75,47%,-285,-505,-550,-550,-520,-600,-505,-520,-550,-550,-520,-525,-550,-,-526,-526,-526,-565,-465,-465,-550,-550,-575,-510,-550,-600,-510,-465,-525
0,0,"Wed May 10, 2017",Washington,101,57%,+155,+144,+150,+144,+170,+150,+140,+140,+150,+144,+170,+150,+150,-,+144,+142,+142,+140,+150,+150,+135,+144,+144,+145,+145,+150,+155,+150,+150
1,0,"Wed May 10, 2017",Boston,123,43%,-175,-160,-170,-165,-195,-170,-160,-160,-170,-165,-195,-170,-170,-,-164,-162,-162,-165,-180,-180,-160,-165,-165,-165,-165,-170,-162,-180,-170
0,0,"Tue May 09, 2017",Houston,107,54%,+220,+197,+190,+188,+200,+175,+185,+185,+190,+188,+200,+200,+190,-,+189,+185,+185,+190,+190,+190,+180,+188,+188,+185,+180,+175,+196,+190,+190
1,0,"Tue May 09, 2017",San Antonio,110,46%,-260,-220,-230,-225,-240,-210,-215,-225,-230,-225,-240,-230,-230,-,-229,-225,-225,-235,-230,-230,-215,-225,-225,-215,-220,-210,-200,-230,-230
0,0,"Mon May 08, 2017",Golden State,121,54%,-380,-425,-450,-465,-435,-520,-505,-440,-470,-465,-435,-450,-450,-,-433,-433,-433,-480,-445,-445,-545,-465,-475,-505,-450,-520,-410,-445,-450
1,0,"Mon May 08, 2017",Utah,95,46%,+315,+365,+360,+361,+365,+360,+380,+340,+375,+361,+365,+350,+360,-,+358,+358,+358,+360,+345,+345,+400,+361,+367,+380,+350,+360,+400,+345,+350
0,0,"Sun May 07, 2017",Cleveland,109,62%,-260,-275,-290,-300,-312,-340,-320,-300,-300,-300,-312,-290,-290,-,-287,-283,-283,-310,-305,-305,-330,-300,-295,-315,-290,-340,-282,-305,-305
1,0,"Sun May 07, 2017",Toronto,102,38%,+220,+244,+245,+245,+262,+270,+260,+250,+240,+245,+262,+245,+245,-,+242,+238,+238,+250,+245,+245,+265,+245,+241,+255,+245,+270,+250,+245,+245
2,1,"Sun May 07, 2017",Boston,102,55%,+165,+175,+170,+170,+160,+150,+175,+165,+175,+170,+160,+170,+170,-,+170,+168,+168,+170,+170,+170,+160,+170,+170,+175,+170,+150,+182,+170,+170
3,1,"Sun May 07, 2017",Washington,121,45%,-190,-195,-200,-200,-180,-170,-205,-190,-200,-200,-180,-200,-200,-,-200,-203,-203,-200,-205,-205,-190,-200,-200,-205,-200,-170,-183,-205,-200
4,2,"Sun May 07, 2017",San Antonio,104,60%,+205,+185,+175,+188,+185,+160,+180,+180,+180,+188,+185,+180,+175,-,+178,+176,+176,+180,+175,+175,+160,+188,+175,+185,+180,+160,+192,+175,+180
5,2,"Sun May 07, 2017",Houston,125,40%,-245,-206,-210,-225,-215,-180,-210,-220,-210,-225,-215,-210,-210,-,-213,-216,-216,-220,-215,-215,-190,-225,-209,-215,-220,-180,-206,-215,-220
0,0,"Sat May 06, 2017",Golden State,102,56%,-225,-272,-270,-280,-280,-300,-315,-275,-280,-280,-280,-270,-270,-,-277,-277,-277,-290,-285,-285,-300,-280,-280,-290,-280,-300,-272,-285,-280
1,0,"Sat May 06, 2017",Utah,91,44%,+185,+241,+230,+230,+235,+250,+255,+235,+240,+230,+235,+230,+230,-,+237,+237,+237,+235,+230,+230,+245,+230,+230,+240,+240,+250,+254,+230,+230
0,0,"Fri May 05, 2017",Cleveland,115,62%,-125,-157,-155,-155,-160,-160,-165,-155,-155,-155,-160,-155,-155,-,-160,-160,-160,-160,-160,-160,-170,-155,-140,-155,-145,-160,-300,-160,-155
1,0,"Fri May 05, 2017",Toronto,94,38%,+105,+142,+135,+135,+140,+140,+145,+135,+135,+135,+140,+135,+135,-,+140,+140,+140,+135,+135,+135,+145,+135,+122,+135,+125,+140,-300,+135,+135
2,1,"Fri May 05, 2017",San Antonio,103,53%,+165,+200,+190,+203,+200,+185,+200,+195,+195,+195,+200,+200,+190,-,+192,+192,+192,+195,+195,+195,+195,+203,+188,+200,+185,+185,+206,+195,+200
3,1,"Fri May 05, 2017",Houston,92,47%,-190,-224,-230,-245,-240,-225,-235,-235,-235,-235,-240,-230,-230,-,-232,-232,-232,-245,-235,-235,-245,-245,-225,-235,-225,-225,-222,-235,-240
0,0,"Thu May 04, 2017",Boston,89,52%,+180,+205,+195,+195,+215,+170,+215,+180,+195,+195,+215,+200,+195,-,+198,+198,+198,+190,+195,+195,+185,+195,+192,+205,+185,+170,+204,+195,+190
1,0,"Thu May 04, 2017",Washington,116,48%,-220,-230,-235,-235,-255,-200,-265,-220,-235,-235,-255,-235,-235,-,-238,-238,-238,-235,-235,-235,-225,-235,-230,-245,-225,-200,-208,-235,-230
2,1,"Thu May 04, 2017",Utah,104,65%,+850,+1126,+1050,+980,+975,+800,+1015,+775,+1085,+980,+975,+1000,+1050,-,+1126,-,-,-,+765,+710,+1200,+980,+929,+1015,+1200,+800,+1250,+710,+1000
3,1,"Thu May 04, 2017",Golden State,115,35%,-1300,-1650,-1600,-1800,-1500,-1600,-1465,-1500,-1800,-1800,-1500,-1600,-1600,-,-1650,-,-,-,-1330,-1275,-2450,-1800,-1650,-1465,-2000,-1600,-1500,-1275,-1700
0,0,"Wed May 03, 2017",Toronto,103,41%,+290,+300,+290,+281,+300,+285,+280,+275,+300,+281,+300,+275,+290,-,+298,+298,+292,+300,+265,+265,+180,+281,+289,+280,+270,+285,+315,+265,+280
1,0,"Wed May 03, 2017",Cleveland,125,59%,-350,-343,-350,-350,-360,-370,-350,-340,-360,-350,-360,-350,-350,-,-358,-358,-352,-370,-330,-330,-215,-350,-360,-350,-330,-370,-320,-330,-360
2,1,"Wed May 03, 2017",Houston,96,59%,+195,+214,+205,+211,+225,+185,+210,+205,+210,+211,+225,+205,+205,-,+207,+207,+207,+200,+195,+195,+175,+211,+211,+210,+210,+185,+220,+195,+210
3,1,"Wed May 03, 2017",San Antonio,121,41%,-235,-240,-245,-255,-265,-225,-250,-245,-250,-255,-265,-245,-245,-,-247,-247,-247,-250,-235,-235,-220,-255,-255,-250,-250,-225,-238,-235,-250
0,0,"Tue May 02, 2017",Washington,119,57%,+180,+180,+180,+180,+175,+165,+170,+170,+180,+180,+175,+190,+180,-,+173,+174,+174,+180,+175,+175,+170,+180,+176,+165,+180,+165,+191,+175,+175
1,0,"Tue May 02, 2017",Boston,129,43%,-220,-200,-220,-215,-205,-190,-195,-200,-210,-215,-205,-220,-220,-,-208,-209,-209,-220,-210,-210,-200,-215,-210,-190,-220,-190,-204,-210,-210
2,1,"Tue May 02, 2017",Utah,94,64%,+900,+1102,+1000,+876,+1000,+775,+955,+825,+955,+876,+1000,+950,+1000,-,+1102,+828,+828,-,+805,+805,+800,+876,+876,+955,+1100,+775,+1100,+805,+950
3,1,"Tue May 02, 2017",Golden State,106,36%,-1100,-1600,-1500,-1500,-1550,-1500,-1355,-1700,-1500,-1500,-1550,-1500,-1500,-,-1600,-1100,-1100,-,-1360,-1360,-1330,-1500,-1500,-1355,-1600,-1500,-1450,-1360,-1600
0,0,"Mon May 01, 2017",Toronto,105,37%,+255,+270,+260,+263,+295,+275,+250,+255,+270,+263,+295,+260,+260,-,+259,+265,+265,+260,+240,+240,+145,+263,+263,+250,+270,+275,+300,+240,+260
1,0,"Mon May 01, 2017",Cleveland,116,63%,-310,-307,-320,-325,-355,-350,-310,-310,-330,-325,-355,-320,-320,-,-319,-325,-325,-320,-300,-300,-170,-325,-325,-310,-330,-350,-310,-300,-320
2,1,"Mon May 01, 2017",Houston,126,3%,+175,+240,+235,+234,+235,+215,+210,+230,+220,+234,+235,+235,+235,-,+240,+236,+236,+230,+215,+215,+215,+234,+234,+215,+230,+215,+244,+215,+230
3,1,"Mon May 01, 2017",San Antonio,99,97%,-210,-271,-275,-285,-280,-255,-260,-270,-260,-285,-280,-275,-275,-,-280,-276,-276,-280,-265,-265,-270,-285,-285,-265,-270,-255,-258,-265,-280
0,0,"Sun Apr 30, 2017",Washington,111,58%,+170,+158,+160,+155,+155,+165,+165,+160,+165,+155,+155,+165,+160,-,+157,+157,+157,+155,+160,+160,+155,+155,+163,+170,+165,+165,+164,+160,+160
1,0,"Sun Apr 30, 2017",Boston,123,42%,-200,-175,-185,-175,-175,-190,-190,-180,-185,-175,-175,-185,-185,-,-177,-177,-177,-185,-190,-190,-185,-175,-190,-195,-185,-190,-168,-190,-180
2,1,"Sun Apr 30, 2017",Utah,104,54%,+145,+139,+143,+140,+143,+140,+145,+140,+155,+140,+143,+143,+143,-,+137,+137,+137,+140,+140,+140,+130,+140,+151,+150,+150,+140,+145,+140,+145
3,1,"Sun Apr 30, 2017",L.A. Clippers,91,46%,-165,-154,-163,-160,-163,-160,-165,-160,-175,-160,-163,-163,-163,-,-157,-157,-157,-165,-170,-170,-150,-160,-175,-170,-170,-160,-158,-170,-165
0,0,"Fri Apr 28, 2017",Washington,115,55%,-160,+136,+133,+135,+134,+120,+135,+130,+135,+135,+134,+133,+133,-,+133,+133,+133,+130,+130,+130,+120,+135,+125,+135,+130,+120,+145,+130,+130
1,0,"Fri Apr 28, 2017",Atlanta,99,45%,+140,-150,-153,-155,-154,-140,-155,-150,-155,-155,-154,-153,-153,-,-153,-153,-153,-150,-155,-155,-140,-155,-145,-155,-150,-140,-150,-155,-150
2,1,"Fri Apr 28, 2017",Boston,105,63%,-105,-152,-155,-155,-153,-160,-155,-150,-155,-155,-153,-155,-155,-,-157,-157,-157,-155,-155,-155,-155,-155,-145,-155,-155,-160,-154,-155,-155
3,1,"Fri Apr 28, 2017",Chicago,83,37%,-105,+137,+135,+135,+133,+140,+135,+130,+135,+135,+133,+135,+135,-,+137,+137,+137,+135,+130,+130,+135,+135,+125,+135,+135,+140,+145,+130,+135
4,2,"Fri Apr 28, 2017",L.A. Clippers,98,54%,+180,+202,+195,+211,+210,+190,+205,+200,+210,+211,+210,+200,+195,-,+194,+194,+194,+205,+195,+195,+190,+211,+203,+200,+200,+190,+206,+195,+200
5,2,"Fri Apr 28, 2017",Utah,93,46%,-220,-226,-235,-255,-250,-230,-245,-240,-250,-255,-250,-235,-235,-,-234,-234,-234,-255,-235,-235,-235,-255,-245,-240,-240,-230,-218,-235,-240
0,0,"Thu Apr 27, 2017",Toronto,92,54%,+100,+108,+105,+105,+105,-105,+105,+105,+105,+105,+105,-110,+105,-,+105,-,-,-,+100,+100,-120,+105,+105,+105,-105,-105,+109,+100,+105
1,0,"Thu Apr 27, 2017",Milwaukee,89,46%,-120,-119,-125,-125,-125,-115,-125,-125,-125,-125,-125,-110,-125,-,-125,-,-,-,-120,-120,+100,-125,-125,-125,-115,-115,-111,-120,-125
2,1,"Thu Apr 27, 2017",San Antonio,103,54%,-190,-204,-220,-215,-220,-225,-225,-220,-220,-215,-220,-220,-220,-,-211,-214,-214,-220,-215,-215,-210,-215,-215,-225,-225,-225,-194,-215,-225
3,1,"Thu Apr 27, 2017",Memphis,96,46%,+165,+183,+180,+180,+190,+185,+190,+180,+185,+180,+190,+190,+180,-,+176,+174,+174,+180,+180,+180,+170,+180,+180,+190,+185,+185,+187,+180,+185
0,0,"Wed Apr 26, 2017",Atlanta,99,43%,+180,+231,+220,+218,+230,+235,+235,+225,+225,+218,+230,+220,+220,-,+226,+226,+226,+205,+225,+225,+225,+218,+218,+230,+230,+235,+236,+225,+215
1,0,"Wed Apr 26, 2017",Washington,103,57%,-220,-260,-260,-265,-275,-275,-285,-265,-265,-265,-275,-260,-260,-,-266,-266,-266,-255,-275,-275,-275,-265,-265,-280,-270,-275,-246,-275,-260
2,1,"Wed Apr 26, 2017",Chicago,97,42%,+290,+321,+310,+299,+325,+290,+305,+280,+325,+299,+325,+280,+310,-,+302,+302,+302,+290,+285,+285,+300,+299,+306,+300,+310,+290,+345,+285,+275
3,1,"Wed Apr 26, 2017",Boston,108,58%,-350,-369,-370,-375,-385,-380,-385,-350,-385,-375,-385,-355,-370,-,-362,-362,-362,-360,-355,-355,-390,-375,-385,-370,-380,-380,-360,-355,-350
0,0,"Tue Apr 25, 2017",Oklahoma City,99,53%,+325,+305,+290,+303,+300,+275,+300,+275,+290,+303,+300,+275,+290,-,+298,+320,+320,+290,+275,+275,+285,+303,+285,+300,+285,+275,+315,+275,+280
1,0,"Tue Apr 25, 2017",Houston,105,47%,-400,-350,-350,-380,-360,-350,-370,-340,-350,-380,-360,-350,-350,-,-358,-380,-380,-360,-345,-345,-360,-380,-355,-370,-345,-350,-335,-345,-360
2,1,"Tue Apr 25, 2017",Memphis,103,52%,+400,+587,+525,+562,+575,+450,+550,+535,+550,+562,+575,+550,+525,-,+560,+505,+505,+500,+500,+500,+550,+562,+562,+550,+550,+450,+660,+500,+525
3,1,"Tue Apr 25, 2017",San Antonio,116,48%,-500,-725,-750,-800,-750,-700,-725,-770,-750,-800,-750,-750,-750,-,-785,-730,-730,-700,-700,-700,-750,-800,-800,-725,-750,-700,-680,-700,-750
4,2,"Tue Apr 25, 2017",Utah,96,55%,+130,+137,+140,+135,+145,+135,+140,+130,+135,+135,+145,+140,+140,-,+133,+133,+133,+135,+130,+130,+150,+135,+140,+140,+140,+135,+143,+130,+135
5,2,"Tue Apr 25, 2017",L.A. Clippers,92,45%,-150,-152,-160,-155,-165,-155,-160,-150,-155,-155,-165,-160,-160,-,-153,-153,-153,-160,-155,-155,-180,-155,-160,-160,-160,-155,-148,-155,-155
0,0,"Mon Apr 24, 2017",Milwaukee,93,51%,+205,+215,+200,+199,+205,+190,+210,+200,+195,+199,+205,+205,+200,-,+198,+198,+198,+195,+200,+200,+195,+199,+195,+210,+200,+190,+210,+200,+200
1,0,"Mon Apr 24, 2017",Toronto,118,49%,-245,-241,-240,-240,-245,-230,-260,-240,-235,-240,-245,-240,-240,-,-238,-238,-238,-245,-245,-245,-240,-240,-235,-250,-240,-230,-242,-245,-240
2,1,"Mon Apr 24, 2017",Washington,101,59%,+130,+127,+125,+130,+123,+115,+115,+120,+125,+130,+123,+125,+125,-,+124,+124,+124,+125,+120,+120,+120,+130,+125,+115,+125,+115,+130,+120,+125
3,1,"Mon Apr 24, 2017",Atlanta,111,41%,-150,-140,-145,-150,-143,-135,-135,-140,-145,-150,-143,-145,-145,-,-144,-144,-144,-145,-140,-140,-135,-150,-145,-135,-145,-135,-137,-140,-145
4,2,"Mon Apr 24, 2017",Golden State,128,49%,-280,-450,-440,-465,-440,-450,-430,-430,-450,-465,-440,-440,-440,-,-477,-468,-468,-460,-460,-460,-470,-465,-375,-430,-450,-450,-420,-460,-450
5,2,"Mon Apr 24, 2017",Portland,103,51%,+240,+385,+350,+361,+370,+325,+340,+335,+355,+361,+370,+340,+350,-,+377,+368,+368,+355,+355,+355,+360,+361,+299,+340,+350,+325,+390,+355,+350
0,0,"Sun Apr 23, 2017",Cleveland,106,45%,-155,-170,-165,-175,-172,-180,-175,-170,-170,-175,-172,-165,-165,-,-167,-172,-167,-170,-175,-175,-165,-175,-170,-170,-165,-180,-159,-175,-170
1,0,"Sun Apr 23, 2017",Indiana,102,55%,+135,+153,+145,+155,+152,+160,+155,+150,+150,+155,+152,+145,+145,-,+147,+152,+147,+145,+145,+145,+140,+155,+150,+150,+145,+160,+156,+145,+150
2,1,"Sun Apr 23, 2017",Houston,113,51%,+102,+102,-103,+105,-102,-105,-105,+100,+100,+105,-102,-103,-103,-,-102,-102,-102,-,+100,+100,-110,+105,+100,-105,-105,-105,+109,+100,+100
3,1,"Sun Apr 23, 2017",Oklahoma City,109,49%,-122,-113,-117,-125,-118,-115,-115,-120,-120,-125,-118,-117,-117,-,-118,-118,-118,-,-120,-120,-115,-125,-120,-115,-115,-115,-110,-120,-120
4,2,"Sun Apr 23, 2017",Boston,104,59%,-140,-118,-122,-120,-130,-140,-130,-120,-125,-120,-130,-122,-122,-,-123,-118,-118,-130,-120,-120,-130,-120,-120,-130,-120,-140,-118,-120,-120
5,2,"Sun Apr 23, 2017",Chicago,95,41%,+120,+107,+102,+100,+110,+120,+110,+100,+105,+100,+110,+102,+102,-,+103,-102,-102,+110,+100,+100,+110,+100,+100,+110,+100,+120,+112,+100,+100
6,3,"Sun Apr 23, 2017",L.A. Clippers,98,40%,+120,+173,+170,+170,+175,+170,+185,+170,+180,+170,+175,+170,+170,-,+168,+170,+170,+170,+170,+170,+150,+170,+148,+185,+165,+170,+164,+170,+175
7,3,"Sun Apr 23, 2017",Utah,105,60%,-140,-193,-200,-200,-205,-200,-215,-200,-210,-200,-205,-200,-200,-,-198,-200,-200,-200,-205,-205,-180,-200,-170,-220,-185,-200,-184,-205,-210
0,0,"Sat Apr 22, 2017",Toronto,87,48%,+105,+119,+115,+115,+110,+115,+115,+115,+115,+115,+110,+115,+115,-,+115,+115,+115,+115,+115,+115,+105,+115,+120,+120,+110,+115,+123,+115,+115
1,0,"Sat Apr 22, 2017",Milwaukee,76,52%,-125,-131,-135,-135,-130,-135,-135,-135,-135,-135,-130,-135,-135,-,-135,-135,-135,-135,-135,-135,-125,-135,-140,-140,-130,-135,-125,-135,-135
2,1,"Sat Apr 22, 2017",Washington,98,55%,+125,+125,+125,+125,+130,+115,+120,+120,+120,+125,+130,+125,+125,-,+122,+122,+122,+125,+120,+120,+115,+125,+125,+125,+125,+115,+126,+120,+125
3,1,"Sat Apr 22, 2017",Atlanta,116,45%,-145,-138,-145,-145,-150,-135,-140,-140,-140,-145,-150,-145,-145,-,-142,-142,-142,-145,-140,-140,-135,-145,-145,-145,-145,-135,-131,-140,-145
4,2,"Sat Apr 22, 2017",San Antonio,108,64%,-170,-218,-210,-220,-250,-235,-230,-220,-220,-220,-250,-210,-210,-,-227,-227,-227,-220,-215,-215,-220,-220,-220,-225,-220,-235,-214,-215,-220
5,2,"Sat Apr 22, 2017",Memphis,110,36%,+150,+195,+175,+184,+210,+195,+195,+180,+185,+184,+210,+180,+175,-,+187,+187,+187,+180,+180,+180,+180,+184,+184,+190,+180,+195,+200,+180,+180
6,3,"Sat Apr 22, 2017",Golden State,119,49%,-245,-180,-190,-205,-205,-210,-180,-190,-200,-205,-205,-190,-190,-,-191,-200,-200,-270,-200,-200,-205,-205,-250,-190,-220,-210,-185,-200,-200
7,3,"Sat Apr 22, 2017",Portland,113,51%,+205,+162,+165,+172,+175,+175,+155,+165,+175,+172,+175,+165,+165,-,+161,+170,+170,+220,+165,+165,+170,+172,+207,+165,+180,+175,+167,+165,+170
0,0,"Fri Apr 21, 2017",Boston,104,61%,+105,-133,-140,-135,-144,-150,-145,-140,-145,-135,-144,-140,-140,-,-137,-137,-134,-140,-145,-145,-145,-135,-135,-145,-140,-150,-127,-145,-140
1,0,"Fri Apr 21, 2017",Chicago,87,39%,-125,+120,+120,+115,+124,+130,+125,+120,+125,+115,+124,+120,+120,-,+117,+117,+114,+120,+120,+120,+125,+115,+115,+125,+120,+130,+120,+120,+120
2,1,"Fri Apr 21, 2017",Houston,113,51%,+125,+126,+120,+125,+135,+110,+125,+120,+120,+125,+135,+120,+120,-,+123,+123,+123,+120,+120,+120,+115,+125,+115,+125,+115,+110,+128,+120,+115
3,1,"Fri Apr 21, 2017",Oklahoma City,115,49%,-145,-139,-140,-145,-155,-130,-145,-140,-140,-145,-155,-140,-140,-,-143,-143,-143,-140,-140,-140,-135,-145,-135,-145,-135,-130,-133,-140,-135
4,2,"Fri Apr 21, 2017",L.A. Clippers,111,49%,+102,-125,-125,-120,-138,-130,-125,-125,-125,-120,-138,-125,-125,-,-134,-,-,-130,-120,-120,-125,-120,-125,-125,-125,-130,-127,-120,-125
5,2,"Fri Apr 21, 2017",Utah,106,51%,-112,+113,+105,+100,+118,+110,+105,+105,+105,+100,+118,+105,+105,-,+114,-,-,+110,+100,+100,+105,+100,+105,+105,+105,+110,+120,+100,+105
0,0,"Thu Apr 20, 2017",Cleveland,119,56%,-145,-114,-123,-120,-112,-130,-115,-115,-130,-120,-112,-123,-123,-,-119,-119,-119,-130,-120,-120,-140,-120,-125,-115,-125,-130,-112,-120,-120
1,0,"Thu Apr 20, 2017",Indiana,114,44%,+125,+103,+103,+100,-108,+110,-105,-105,+110,+100,-108,+103,+103,-,-101,-101,-101,+110,+100,+100,+120,+100,+105,-105,+105,+110,+109,+100,+100
2,1,"Thu Apr 20, 2017",Toronto,77,49%,-103,+114,+110,+110,+115,+110,+115,+110,+110,+110,+115,+110,+110,-,+110,-,-,+110,+110,+110,+100,+110,+115,+115,+105,+110,+118,+110,+110
3,1,"Thu Apr 20, 2017",Milwaukee,104,51%,-117,-126,-130,-130,-135,-130,-135,-130,-130,-130,-135,-130,-130,-,-130,-,-,-130,-130,-130,-120,-130,-135,-135,-125,-130,-122,-130,-130
4,2,"Thu Apr 20, 2017",San Antonio,94,57%,-165,-164,-160,-165,-175,-175,-160,-165,-165,-165,-175,-160,-160,-,-166,-166,-166,-170,-160,-160,-185,-165,-155,-160,-180,-175,-168,-160,-165
5,2,"Thu Apr 20, 2017",Memphis,105,43%,+145,+148,+140,+144,+155,+155,+140,+145,+145,+144,+155,+140,+140,-,+146,+146,+146,+145,+135,+135,+155,+144,+135,+140,+160,+155,+140,+135,+145
0,0,"Wed Apr 19, 2017",Atlanta,101,47%,+180,+211,+210,+207,+210,+210,+210,+200,+210,+207,+210,+210,+210,-,+206,+220,+220,+205,+210,+210,+210,+207,+203,+210,+200,+210,+214,+210,+200
1,0,"Wed Apr 19, 2017",Washington,109,53%,-220,-237,-250,-250,-250,-250,-260,-240,-250,-250,-250,-250,-250,-,-246,-260,-260,-255,-255,-255,-265,-250,-245,-260,-240,-250,-228,-255,-240
2,1,"Wed Apr 19, 2017",Oklahoma City,111,58%,+285,+292,+275,+271,+295,+265,+265,+260,+290,+271,+295,+270,+275,-,+283,+260,+260,+280,+280,+280,+295,+271,+271,+265,+290,+265,+315,+280,+270
3,1,"Wed Apr 19, 2017",Houston,115,42%,-345,-333,-335,-335,-355,-330,-325,-320,-350,-335,-355,-335,-335,-,-343,-320,-320,-350,-350,-350,-375,-335,-335,-325,-350,-330,-345,-350,-340
4,2,"Wed Apr 19, 2017",Portland,81,69%,+950,+587,+600,+588,+575,+550,+575,+525,+590,+588,+575,+650,+600,-,+544,-,-,-,+600,+600,+600,+588,+664,+575,+650,+550,+660,+600,+600
5,2,"Wed Apr 19, 2017",Golden State,110,31%,-1450,-725,-900,-850,-750,-900,-750,-750,-850,-850,-750,-900,-900,-,-769,-,-,-,-890,-890,-850,-850,-1000,-750,-850,-900,-740,-890,-900
0,0,"Tue Apr 18, 2017",Milwaukee,100,57%,+290,+311,+318,+299,+340,+280,+320,+300,+315,+299,+340,+295,+318,-,+304,+300,+300,+305,+300,+300,+320,+299,+289,+320,+320,+280,+340,+300,+300
1,0,"Tue Apr 18, 2017",Toronto,106,43%,-350,-357,-385,-375,-410,-360,-400,-380,-375,-375,-410,-385,-385,-,-364,-360,-360,-390,-380,-380,-415,-375,-360,-400,-400,-360,-350,-380,-380
2,1,"Tue Apr 18, 2017",Chicago,111,48%,+270,+281,+270,+274,+275,+275,+285,+275,+270,+274,+275,+265,+270,-,+271,+271,+271,+275,+270,+270,+270,+274,+274,+285,+280,+275,+298,+270,+270
3,1,"Tue Apr 18, 2017",Boston,97,52%,-300,-320,-330,-340,-330,-350,-355,-340,-330,-340,-330,-330,-330,-,-331,-331,-331,-345,-340,-340,-350,-340,-340,-355,-340,-350,-310,-340,-340
4,2,"Tue Apr 18, 2017",Utah,91,54%,+300,+408,+385,+367,+465,+350,+395,+375,+400,+367,+465,+385,+385,-,+385,+385,+385,+395,+365,+365,+380,+367,+377,+395,+400,+350,+430,+365,+400
5,2,"Tue Apr 18, 2017",L.A. Clippers,99,46%,-360,-480,-485,-475,-570,-500,-520,-500,-500,-475,-570,-485,-485,-,-485,-485,-485,-540,-475,-475,-500,-475,-490,-520,-500,-500,-450,-475,-525
0,0,"Mon Apr 17, 2017",Indiana,111,57%,+290,+390,+375,+361,+385,+350,+370,+330,+355,+361,+385,+370,+375,-,+374,+374,+374,+365,+360,+360,+355,+361,+358,+375,+330,+350,+960,+360,+350
1,0,"Mon Apr 17, 2017",Cleveland,117,43%,-350,-457,-470,-465,-460,-500,-470,-420,-450,-465,-460,-470,-470,-,-474,-474,-474,-490,-470,-470,-460,-465,-460,-475,-420,-500,-1500,-470,-450
2,1,"Mon Apr 17, 2017",Memphis,82,64%,+500,+498,+475,+506,+505,+450,+475,+500,+500,+506,+505,+475,+475,-,+462,-,-,+500,+475,+475,+490,+506,+506,+465,+500,+450,+1550,+475,+500
3,1,"Mon Apr 17, 2017",San Antonio,96,36%,-700,-600,-650,-700,-655,-700,-675,-700,-700,-700,-655,-650,-650,-,-637,-,-,-700,-655,-655,-650,-700,-700,-665,-650,-700,-3400,-655,-700
0,0,"Sun Apr 16, 2017",Atlanta,107,46%,+175,+193,+195,+199,+185,+195,+215,+185,+185,+199,+185,+200,+195,-,+184,+184,+184,+190,+195,+195,+205,+199,+199,+205,+185,+195,+208,+195,+185
1,0,"Sun Apr 16, 2017",Washington,114,54%,-210,-215,-235,-240,-215,-235,-265,-225,-220,-240,-215,-235,-235,-,-224,-224,-224,-235,-235,-235,-260,-240,-240,-245,-225,-235,-220,-235,-225
2,1,"Sun Apr 16, 2017",Portland,109,65%,+850,+1491,+1500,+1232,+1350,+975,+1300,+1000,+1200,+1232,+1350,+1200,+1500,-,+1491,+1289,+1289,-,+805,+805,+1200,+1232,+1232,+1285,+1300,+975,+1500,+805,+1450
3,1,"Sun Apr 16, 2017",Golden State,121,35%,-1300,-2500,-2000,-2750,-2500,-2100,-2000,-2500,-2000,-2750,-2500,-2000,-2000,-,-2500,-2000,-2000,-,-1360,-1360,-2425,-2750,-2750,-1985,-2500,-2100,-1900,-1360,-3000
4,2,"Sun Apr 16, 2017",Chicago,106,51%,+320,+256,+245,+245,+275,+245,+255,+245,+240,+245,+275,+245,+245,-,+248,+248,+248,+245,+235,+235,+235,+245,+245,+245,+250,+245,+272,+235,+240
5,2,"Sun Apr 16, 2017",Boston,102,49%,-390,-290,-290,-300,-330,-290,-315,-290,-290,-300,-330,-290,-290,-,-298,-298,-298,-305,-290,-290,-290,-300,-300,-305,-300,-290,-282,-290,-300
6,3,"Sun Apr 16, 2017",Oklahoma City,87,58%,+245,+277,+270,+267,+265,+255,+275,+270,+265,+267,+265,+260,+270,-,+266,+266,+266,+265,+265,+265,+255,+267,+260,+260,+260,+255,+290,+265,+265
7,3,"Sun Apr 16, 2017",Houston,118,42%,-290,-315,-330,-330,-315,-310,-345,-330,-325,-330,-315,-320,-330,-,-326,-326,-326,-330,-330,-330,-310,-330,-320,-320,-320,-310,-390,-330,-330
0,0,"Sat Apr 15, 2017",Indiana,108,48%,+415,+420,+400,+400,+415,+375,+410,+370,+400,+400,+415,+400,+400,-,+408,+398,+398,+405,+375,+375,+430,+400,+400,+410,+400,+375,+470,+375,+400
1,0,"Sat Apr 15, 2017",Cleveland,109,52%,-525,-495,-500,-525,-510,-550,-535,-490,-500,-525,-510,-500,-500,-,-508,-518,-518,-555,-490,-490,-570,-525,-525,-535,-500,-550,-470,-490,-525
2,1,"Sat Apr 15, 2017",Milwaukee,97,58%,+220,+292,+290,+289,+300,+270,+300,+280,+310,+289,+300,+275,+290,-,+283,+283,+283,+290,+275,+275,+300,+289,+289,+300,+300,+270,+305,+275,+290
3,1,"Sat Apr 15, 2017",Toronto,83,42%,-260,-333,-350,-360,-360,-340,-380,-350,-370,-360,-360,-350,-350,-,-343,-343,-343,-360,-345,-345,-380,-360,-360,-380,-360,-340,-310,-345,-370
4,2,"Sat Apr 15, 2017",Memphis,82,46%,+415,+416,+400,+384,+425,+390,+435,+380,+420,+384,+425,+410,+400,-,+403,+393,+393,+395,+375,+375,+440,+384,+370,+435,+400,+390,+480,+375,+375
5,2,"Sat Apr 15, 2017",San Antonio,111,54%,-525,-490,-500,-500,-520,-580,-560,-510,-525,-500,-520,-510,-500,-,-503,-513,-513,-540,-495,-495,-585,-500,-480,-560,-500,-580,-490,-495,-500
6,3,"Sat Apr 15, 2017",Utah,97,45%,+200,+210,+190,+211,+210,+215,+200,+195,+190,+211,+210,+200,+190,-,+198,+198,+198,+200,+195,+195,+190,+211,+188,+200,+190,+215,+212,+195,+195
7,3,"Sat Apr 15, 2017",L.A. Clippers,95,55%,-240,-235,-230,-255,-250,-255,-240,-235,-230,-255,-250,-230,-230,-,-238,-238,-238,-250,-235,-235,-230,-255,-225,-240,-230,-255,-224,-235,-235
0,0,"Wed Apr 12, 2017",Minnesota,118,58%,+315,+310,+315,+292,+280,+285,+325,+280,+325,+292,+280,+270,+315,-,+321,+316,+316,+300,+310,+310,+285,+292,+299,+310,+310,+285,+300,+310,+300
1,0,"Wed Apr 12, 2017",Houston,123,42%,-380,-355,-380,-365,-335,-370,-405,-350,-385,-365,-335,-340,-380,-,-381,-376,-376,-380,-395,-395,-365,-365,-375,-390,-380,-370,-335,-395,-380
2,1,"Wed Apr 12, 2017",Dallas,100,63%,+270,+321,+315,+306,+320,+310,+320,+315,+320,+306,+320,+290,+315,-,+315,+315,+315,+315,+320,+320,+300,+306,+317,+330,+320,+310,+325,+320,+320
3,1,"Wed Apr 12, 2017",Memphis,93,37%,-330,-369,-380,-385,-380,-420,-400,-400,-410,-385,-380,-380,-380,-,-375,-375,-375,-410,-410,-410,-380,-385,-400,-420,-400,-420,-365,-410,-400
4,2,"Wed Apr 12, 2017",Denver,111,67%,+155,+203,+205,+199,+205,+190,+205,+190,+210,+199,+205,+195,+205,-,+203,+207,+207,+200,+205,+205,+190,+199,+203,+205,+210,+190,+190,+205,+200
5,2,"Wed Apr 12, 2017",Oklahoma City,105,33%,-175,-227,-245,-240,-245,-230,-245,-230,-250,-240,-245,-225,-245,-,-243,-247,-247,-250,-250,-250,-230,-240,-245,-245,-250,-230,-236,-250,-240
6,3,"Wed Apr 12, 2017",Toronto,98,49%,-190,-164,-165,-165,-165,-165,-170,-160,-170,-165,-165,-160,-165,-,-148,-123,-191,-170,-175,-175,-150,-165,-140,-175,-165,-165,-162,-175,-165
7,3,"Wed Apr 12, 2017",Cleveland,83,51%,+165,+148,+145,+144,+145,+145,+150,+140,+150,+144,+145,+140,+145,-,+128,+103,+161,+145,+145,+145,+130,+144,+120,+155,+145,+145,+150,+145,+145
8,4,"Wed Apr 12, 2017",Atlanta,86,70%,+650,+1193,+1000,+979,+1100,+750,+1105,+850,+955,+979,+1100,+1050,+1000,-,+1193,-,-,-,+755,+755,+900,+979,+980,+1105,+1000,+750,+1250,+755,+1100
9,4,"Wed Apr 12, 2017",Indiana,104,30%,-1000,-1788,-1500,-1796,-1800,-1400,-1655,-1800,-1500,-1796,-1800,-1700,-1500,-,-1788,-,-,-,-1230,-1230,-1585,-1796,-1800,-1655,-1800,-1400,-1400,-1230,-1800
10,5,"Wed Apr 12, 2017",Milwaukee,94,67%,+925,+944,+850,+857,+875,+800,+825,+800,+955,+857,+875,+950,+850,-,+944,-,-,-,+800,+800,+1100,+857,+857,+860,+1100,+800,+1050,+800,+900
11,5,"Wed Apr 12, 2017",Boston,112,33%,-1400,-1300,-1300,-1450,-1300,-1600,-1175,-1600,-1500,-1450,-1300,-1450,-1300,-,-1300,-,-,-,-1335,-1335,-2135,-1450,-1450,-1210,-1800,-1600,-1750,-1335,-1500
12,6,"Wed Apr 12, 2017",Detroit,109,57%,+115,+105,+105,+100,+105,+100,+100,+100,+105,+100,+105,+105,+105,-,+106,+106,+106,+110,+100,+100,+100,+100,+100,+105,+105,+100,+111,+100,+105
13,6,"Wed Apr 12, 2017",Orlando,113,43%,-135,-116,-125,-120,-125,-120,-120,-120,-125,-120,-125,-125,-125,-,-126,-126,-126,-130,-120,-120,-120,-120,-120,-125,-125,-120,-120,-120,-125
14,7,"Wed Apr 12, 2017",Philadelphia,113,50%,-155,+138,+125,+148,+130,+135,+130,+125,+130,+148,+130,+125,+125,-,+124,-125,-,+130,+125,+125,-120,+148,+125,+135,+130,+135,+140,+125,+130
15,7,"Wed Apr 12, 2017",New York,114,50%,+135,-153,-145,-170,-150,-155,-150,-145,-150,-170,-150,-145,-145,-,-144,+105,-,-150,-150,-150,+100,-170,-145,-155,-150,-155,-151,-150,-150
16,8,"Wed Apr 12, 2017",Washington,102,100%,+380,+450,+435,+438,+475,+400,+480,+455,+450,+438,+475,+445,+435,-,+433,+418,+418,+450,+485,+485,+500,+438,+438,+480,+450,+400,+460,+485,+425
17,8,"Wed Apr 12, 2017",Miami,110,0%,-475,-535,-570,-585,-600,-600,-630,-630,-600,-585,-600,-570,-570,-,-553,-568,-568,-600,-675,-675,-700,-585,-585,-630,-600,-600,-530,-675,-550
18,9,"Wed Apr 12, 2017",Brooklyn,73,62%,+850,+1126,+1000,+1098,+1075,+900,+1075,+900,+1200,+1098,+1075,+950,+1000,-,+1126,+971,-,-,+800,+800,+1200,+1098,+1098,+1075,+1100,+900,+1200,+800,+1100
19,9,"Wed Apr 12, 2017",Chicago,112,38%,-1300,-1650,-1500,-2200,-1700,-1900,-1625,-2000,-2000,-2200,-1700,-1500,-1500,-,-1650,-1350,-,-,-1335,-1335,-2235,-2200,-2200,-1625,-1800,-1900,-1600,-1335,-1800
20,10,"Wed Apr 12, 2017",San Antonio,97,68%,+155,+156,+160,+155,+149,+155,+150,+155,+155,+155,+149,+155,+160,-,+155,+155,+155,+150,+145,+145,+155,+155,+155,+155,+155,+155,+158,+145,+155
21,10,"Wed Apr 12, 2017",Utah,101,32%,-175,-173,-170,-180,-169,-175,-170,-175,-175,-180,-169,-175,-170,-,-175,-175,-175,-180,-175,-175,-185,-180,-180,-180,-175,-175,-171,-175,-175
22,11,"Wed Apr 12, 2017",New Orleans,103,58%,+650,+222,+250,+237,+225,+250,+230,+210,+240,+207,+225,+255,+250,-,+248,+471,-,+235,+230,+230,+375,+237,+281,+230,+245,+250,+260,+230,+235
23,11,"Wed Apr 12, 2017",Portland,100,42%,-1000,-250,-300,-290,-265,-300,-280,-250,-290,-250,-265,-310,-300,-,-298,-671,-,-290,-285,-285,-485,-290,-350,-280,-290,-300,-305,-285,-290
24,12,"Wed Apr 12, 2017",L.A. Lakers,94,73%,+850,+697,+650,+711,+725,+600,+775,+700,+750,+711,+725,+750,+650,-,+664,+828,-,-,+790,+790,+865,+711,+755,+775,+800,+600,+700,+790,+700
25,12,"Wed Apr 12, 2017",Golden State,109,27%,-1300,-889,-1000,-1100,-1000,-1000,-1075,-1200,-1100,-1100,-1000,-1100,-1000,-,-964,-1100,-,-,-1325,-1325,-1465,-1100,-1200,-1075,-1200,-1000,-780,-1325,-1100
26,13,"Wed Apr 12, 2017",Sacramento,95,69%,+1400,+2173,+2000,+1453,+1550,-,+1740,+1200,-,+1453,+1550,+1500,+2000,-,+1817,+1491,-,-,-,-,-,+1453,+1453,+1740,+1500,-,+1500,-,+1500
27,13,"Wed Apr 12, 2017",L.A. Clippers,115,31%,-2500,-5000,-4000,-4000,-2700,-,-2890,-4000,-,-4000,-2700,-3000,-4000,-,-3500,-2500,-,-,-,-,-,-4000,-4000,-2890,-4000,-,-3200,-,-3500
0,0,"Tue Apr 11, 2017",Charlotte,76,52%,+280,+289,+275,+289,+275,+280,+300,+275,+290,+289,+275,+270,+275,-,+280,+280,+280,+285,+290,+290,+275,+289,+289,+310,+290,+280,+288,+290,+275
1,0,"Tue Apr 11, 2017",Atlanta,103,48%,-340,-330,-335,-360,-330,-360,-370,-340,-350,-360,-330,-335,-335,-,-340,-340,-340,-355,-365,-365,-355,-360,-360,-390,-350,-360,-355,-365,-350
2,1,"Tue Apr 11, 2017",Oklahoma City,100,58%,+305,+256,+265,+260,+250,+260,+285,+260,+265,+260,+250,+265,+265,-,+248,+248,+248,+265,+280,+280,+275,+260,+281,+300,+260,+260,+278,+280,+265
3,1,"Tue Apr 11, 2017",Minnesota,98,42%,-335,-290,-325,-320,-300,-320,-355,-320,-325,-320,-300,-325,-325,-,-298,-298,-298,-330,-350,-350,-350,-320,-350,-380,-320,-320,-305,-350,-330
4,2,"Tue Apr 11, 2017",Denver,109,52%,-118,+118,+113,+115,+120,+120,+110,+120,+120,+115,+120,+120,+113,-,+119,+119,+114,+115,+110,+110,+115,+115,+120,+115,+115,+120,+123,+110,+115
5,2,"Tue Apr 11, 2017",Dallas,91,48%,-102,-130,-133,-135,-140,-140,-130,-140,-140,-135,-140,-140,-133,-,-139,-139,-134,-135,-130,-130,-135,-135,-140,-135,-135,-140,-133,-130,-135
6,3,"Tue Apr 11, 2017",New Orleans,96,51%,+135,+127,+120,+120,+120,+120,+120,+125,+120,+120,+120,+120,+120,-,+124,+124,+124,+120,+120,+120,+125,+120,+115,+120,+120,+120,+129,+120,+120
7,3,"Tue Apr 11, 2017",L.A. Lakers,108,49%,-155,-140,-140,-140,-140,-140,-140,-145,-140,-140,-140,-140,-140,-,-144,-144,-144,-140,-140,-140,-145,-140,-135,-140,-140,-140,-136,-140,-140
8,4,"Tue Apr 11, 2017",Phoenix,104,61%,+145,+197,+180,+176,+185,+170,+170,+170,+175,+176,+185,+190,+180,-,+179,+179,+179,+180,+170,+170,+170,+176,+172,+170,+175,+170,+200,+170,+180
9,4,"Tue Apr 11, 2017",Sacramento,129,39%,-165,-220,-220,-210,-215,-200,-200,-200,-200,-210,-215,-220,-220,-,-219,-219,-219,-220,-205,-205,-210,-210,-205,-200,-210,-200,-218,-205,-220
0,0,"Mon Apr 10, 2017",Indiana,120,53%,-365,-357,-420,-375,-370,-450,-405,-400,-400,-375,-370,-420,-420,-,-364,-364,-364,-400,-385,-385,-450,-375,-400,-405,-450,-450,-345,-385,-425
1,0,"Mon Apr 10, 2017",Philadelphia,111,47%,+305,+311,+335,+299,+310,+325,+325,+315,+310,+299,+310,+320,+335,-,+304,+304,+304,+310,+305,+305,+340,+299,+317,+325,+350,+325,+320,+305,+325
2,1,"Mon Apr 10, 2017",Cleveland,121,66%,+170,+500,+465,+416,+445,+400,+470,+455,+465,+416,+445,+480,+465,-,+458,+164,+161,+465,+460,+460,+550,+416,+462,+470,+475,+400,+510,+460,+475
3,1,"Mon Apr 10, 2017",Miami,124,34%,-185,-603,-630,-550,-550,-600,-620,-630,-650,-550,-550,-630,-630,-,-608,-194,-191,-630,-630,-630,-750,-550,-625,-620,-650,-600,-700,-630,-650
4,2,"Mon Apr 10, 2017",Brooklyn,105,49%,+500,+516,+500,+520,+500,+550,+525,+500,+550,+520,+500,+500,+500,-,+462,+493,+493,+500,+490,+490,+550,+520,+520,+525,+550,+550,+530,+490,+500
5,2,"Mon Apr 10, 2017",Boston,114,51%,-700,-625,-700,-725,-650,-900,-675,-700,-750,-725,-650,-700,-700,-,-637,-718,-718,-700,-690,-690,-775,-725,-725,-675,-750,-900,-600,-690,-700
6,3,"Mon Apr 10, 2017",Washington,105,52%,-125,+187,+185,+192,+185,+175,+195,+190,+185,+192,+185,+195,+185,-,+181,+179,+179,+185,+190,+190,+200,+192,+195,+195,+190,+175,+172,+190,+185
7,3,"Mon Apr 10, 2017",Detroit,101,48%,+105,-209,-225,-230,-215,-210,-230,-230,-220,-230,-215,-225,-225,-,-216,-219,-219,-225,-230,-230,-245,-230,-235,-230,-230,-210,-206,-230,-225
8,4,"Mon Apr 10, 2017",Orlando,75,41%,+325,+311,+305,+292,+300,+300,+305,+315,+290,+292,+300,+285,+305,-,+304,+304,+304,+305,+310,+310,+320,+292,+292,+305,+320,+300,+320,+310,+300
9,4,"Mon Apr 10, 2017",Chicago,122,59%,-400,-357,-365,-365,-360,-400,-385,-400,-350,-365,-360,-365,-365,-,-364,-364,-364,-390,-400,-400,-415,-365,-365,-385,-400,-400,-345,-400,-380
10,5,"Mon Apr 10, 2017",Charlotte,79,57%,+210,+218,+225,+215,+220,+220,+225,+225,+230,+215,+220,+225,+225,-,+222,+222,+222,+220,+225,+225,+230,+215,+215,+225,+210,+220,+232,+225,+220
11,5,"Mon Apr 10, 2017",Milwaukee,89,43%,-230,-245,-265,-260,-260,-260,-275,-265,-270,-260,-260,-265,-265,-,-262,-262,-262,-270,-275,-275,-280,-260,-260,-275,-250,-260,-242,-275,-270
12,6,"Mon Apr 10, 2017",San Antonio,98,32%,-185,-547,-650,-625,-650,-600,-630,-650,-650,-625,-650,-650,-650,-,-563,-,-,-630,-650,-650,-635,-625,-600,-630,-600,-600,-540,-650,-650
13,6,"Mon Apr 10, 2017",Portland,99,68%,+160,+459,+475,+462,+500,+400,+480,+470,+465,+462,+500,+475,+475,-,+443,-,-,+465,+470,+470,+440,+462,+447,+480,+450,+400,+440,+470,+475
14,7,"Mon Apr 10, 2017",Utah,105,60%,+435,+423,+440,+384,+415,+400,+390,+410,+465,+384,+415,+455,+440,-,+402,+425,+425,+425,+425,+425,+435,+384,+447,+390,+450,+400,+400,+425,+425
15,7,"Mon Apr 10, 2017",Golden State,99,40%,-500,-500,-580,-500,-510,-600,-515,-550,-650,-500,-510,-580,-580,-,-522,-575,-575,-575,-575,-575,-580,-500,-600,-515,-600,-600,-490,-575,-550
16,8,"Mon Apr 10, 2017",Houston,96,66%,+215,+346,+365,+341,+330,+325,+360,+340,+375,+341,+330,+360,+365,-,+336,+336,+336,+350,+370,+370,+345,+341,+292,+385,+380,+325,+380,+370,+350
17,8,"Mon Apr 10, 2017",L.A. Clippers,125,34%,-235,-400,-460,-435,-400,-450,-460,-440,-470,-435,-400,-460,-460,-,-411,-411,-411,-450,-485,-485,-445,-435,-365,-510,-480,-450,-400,-485,-450
0,0,"Sun Apr 09, 2017",Toronto,110,47%,-550,-470,-475,-450,-460,-500,-510,-470,-475,-450,-460,-475,-475,-,-474,-475,-475,-500,-470,-470,-515,-450,-435,-510,-500,-500,-450,-470,-500
1,0,"Sun Apr 09, 2017",New York,97,53%,+425,+400,+380,+351,+385,+350,+385,+360,+380,+351,+385,+375,+380,-,+374,+375,+375,+375,+360,+360,+390,+351,+341,+385,+400,+350,+395,+360,+375
2,1,"Sun Apr 09, 2017",Cleveland,125,64%,-130,-183,-210,-215,-205,-225,-215,-205,-210,-215,-205,-210,-210,-,-209,-220,-220,-220,-210,-210,-220,-215,-215,-215,-225,-225,-197,-210,-210
3,1,"Sun Apr 09, 2017",Atlanta,126,36%,+110,+165,+175,+180,+175,+185,+185,+175,+180,+180,+175,+180,+175,-,+174,+180,+180,+180,+175,+175,+180,+180,+180,+185,+185,+185,+185,+175,+175
4,2,"Sun Apr 09, 2017",Oklahoma City,106,62%,+165,+202,+185,+176,+190,+165,+180,+175,+180,+176,+190,+180,+185,-,+194,+194,+194,+180,+175,+175,+160,+176,+166,+180,+180,+165,+206,+175,+180
5,2,"Sun Apr 09, 2017",Denver,105,38%,-190,-226,-200,-210,-220,-190,-210,-205,-210,-210,-220,-210,-200,-,-234,-234,-234,-220,-210,-210,-185,-210,-195,-210,-220,-190,-220,-210,-220
6,3,"Sun Apr 09, 2017",Detroit,103,60%,+245,+204,+185,+192,+190,+185,+190,+190,+190,+192,+190,+195,+185,-,+196,+196,+196,+190,+190,+190,+190,+192,+192,+190,+180,+185,+208,+190,+185
7,3,"Sun Apr 09, 2017",Memphis,90,40%,-290,-228,-225,-230,-220,-225,-225,-230,-225,-230,-220,-225,-225,-,-236,-236,-236,-235,-230,-230,-235,-230,-230,-225,-220,-225,-222,-230,-225
8,4,"Sun Apr 09, 2017",Houston,135,37%,-550,-445,-470,-400,-450,-500,-470,-470,-470,-400,-450,-500,-470,-,-451,-463,-463,-490,-465,-465,-505,-400,-485,-470,-500,-500,-430,-465,-450
9,4,"Sun Apr 09, 2017",Sacramento,128,63%,+425,+381,+375,+317,+375,+350,+370,+360,+375,+317,+375,+400,+375,-,+376,+363,+363,+365,+355,+355,+380,+317,+374,+370,+400,+350,+395,+355,+350
10,5,"Sun Apr 09, 2017",Dallas,111,48%,+100,+122,+120,+120,+115,+120,+120,+120,+130,+120,+115,+120,+120,-,+119,+119,+119,+120,+120,+120,+120,+120,+120,+125,+115,+120,+125,+120,+120
11,5,"Sun Apr 09, 2017",Phoenix,124,52%,-120,-135,-140,-140,-135,-140,-140,-140,-150,-140,-135,-140,-140,-,-139,-139,-139,-140,-140,-140,-140,-140,-140,-145,-135,-140,-133,-140,-140
12,6,"Sun Apr 09, 2017",Minnesota,109,44%,-210,-219,-230,-220,-220,-220,-245,-230,-230,-220,-220,-230,-230,-,-228,-228,-228,-235,-245,-245,-235,-220,-225,-245,-225,-220,-224,-245,-230
13,6,"Sun Apr 09, 2017",L.A. Lakers,110,56%,+175,+196,+190,+184,+190,+180,+205,+190,+190,+184,+190,+200,+190,-,+188,+188,+188,+190,+200,+200,+195,+184,+188,+205,+185,+180,+214,+200,+190
0,0,"Sat Apr 08, 2017",Chicago,106,68%,-145,-160,-165,-155,-160,-170,-170,-164,-170,-155,-160,-175,-165,-,-162,-162,-162,-165,-165,-165,-180,-155,-170,-170,-175,-170,-157,-165,-160
1,0,"Sat Apr 08, 2017",Brooklyn,107,32%,+135,+144,+145,+135,+140,+150,+150,+144,+150,+135,+140,+155,+145,-,+142,+142,+142,+140,+140,+140,+150,+135,+148,+150,+155,+150,+147,+140,+140
2,1,"Sat Apr 08, 2017",Boston,121,64%,-120,+104,+103,+100,+102,-115,-105,+100,-115,+100,+102,-110,+103,-,+100,-,-,-130,+100,+100,-120,+100,+100,-105,-115,-115,+107,+100,+100
3,1,"Sat Apr 08, 2017",Charlotte,114,36%,+100,-115,-113,-120,-122,-105,-115,-120,-105,-120,-122,-110,-113,-,-120,-,-,+110,-120,-120,+100,-120,-120,-115,-105,-105,-111,-120,-120
4,2,"Sat Apr 08, 2017",Indiana,127,60%,-175,-183,-178,-190,-190,-200,-195,-190,-200,-190,-190,-185,-178,-,-184,-184,-184,-190,-200,-200,-215,-190,-190,-195,-185,-200,-181,-200,-185
5,2,"Sat Apr 08, 2017",Orlando,112,40%,+155,+165,+167,+166,+165,+170,+170,+165,+175,+166,+165,+165,+167,-,+164,+164,+164,+160,+165,+165,+170,+166,+166,+170,+165,+170,+180,+165,+165
6,3,"Sat Apr 08, 2017",Miami,106,40%,+195,+155,+145,+140,+150,+140,+140,+155,+145,+140,+150,+145,+145,-,+143,+143,+143,+145,+140,+140,+155,+140,+140,+140,+150,+140,+158,+140,+145
7,3,"Sat Apr 08, 2017",Washington,103,60%,-235,-172,-165,-160,-170,-160,-160,-175,-165,-160,-170,-165,-165,-,-163,-163,-163,-170,-165,-165,-185,-160,-160,-160,-170,-160,-168,-165,-165
8,4,"Sat Apr 08, 2017",Milwaukee,90,68%,-250,-270,-290,-300,-275,-320,-340,-275,-290,-300,-275,-320,-290,-,-275,-275,-275,-305,-320,-320,-295,-300,-300,-320,-300,-320,-264,-320,-300
9,4,"Sat Apr 08, 2017",Philadelphia,82,32%,+210,+239,+245,+245,+230,+260,+270,+235,+240,+245,+230,+260,+245,-,+235,+235,+235,+245,+260,+260,+235,+245,+245,+260,+250,+260,+246,+260,+240
10,5,"Sat Apr 08, 2017",L.A. Clippers,98,54%,+145,+112,+105,+100,+108,+100,+100,+105,+105,+100,+108,+105,+105,-,+108,+107,+107,+110,+100,+100,+100,+100,+100,+100,+100,+100,+112,+100,+100
11,5,"Sat Apr 08, 2017",San Antonio,87,46%,-155,-124,-125,-120,-128,-120,-120,-125,-125,-120,-128,-125,-125,-,-128,-127,-127,-130,-120,-120,-120,-120,-120,-120,-120,-120,-116,-120,-120
12,6,"Sat Apr 08, 2017",Utah,86,46%,-105,+122,+125,+125,+120,+125,+120,+115,+120,+125,+120,+120,+125,-,+116,+116,+116,+120,+120,+120,+120,+125,+125,+120,+125,+125,+127,+120,+115
13,6,"Sat Apr 08, 2017",Portland,101,54%,-105,-135,-135,-145,-140,-145,-140,-135,-140,-145,-140,-140,-135,-,-136,-136,-136,-140,-140,-140,-140,-145,-145,-140,-145,-145,-135,-140,-135
14,7,"Sat Apr 08, 2017",New Orleans,101,71%,+1200,+1511,+2050,+1453,+1175,+1400,+1475,+1400,+1200,+1453,+1175,+1750,+2050,-,+2022,-,-,-,+725,+725,+2000,+1453,+1673,+1410,+2000,+1400,+2100,+725,+1550
15,7,"Sat Apr 08, 2017",Golden State,123,29%,-1500,-2555,-2750,-4000,-2000,-4000,-3475,-5000,-2000,-4000,-2000,-3500,-2750,-,-4300,-,-,-,-1165,-1165,-9999,-4000,-6000,-3410,-5000,-4000,-2500,-1165,-4000
0,0,"Fri Apr 07, 2017",Miami,94,48%,+175,+166,+170,+166,+165,+170,+170,+165,+170,+166,+165,+165,+170,-,+161,+161,+161,+165,+160,+160,+190,+166,+163,+170,+160,+170,+170,+160,+167
1,0,"Fri Apr 07, 2017",Toronto,96,52%,-210,-185,-185,-195,-190,-200,-195,-190,-200,-195,-190,-190,-185,-,-191,-191,-191,-195,-190,-190,-230,-195,-190,-195,-180,-200,-181,-190,-192
2,1,"Fri Apr 07, 2017",Atlanta,114,62%,+525,+1289,+1150,+1175,+1175,+950,+1210,+900,+1200,+1175,+1175,+1100,+1150,-,+1175,-,-,-,+755,+755,+1100,+1175,+1098,+1210,+1150,+950,+1350,+755,+1150
3,1,"Fri Apr 07, 2017",Cleveland,100,38%,-750,-2000,-1800,-2500,-2000,-2000,-1860,-2000,-2000,-2500,-2000,-1800,-1800,-,-1750,-,-,-,-1235,-1235,-2200,-2500,-2200,-1860,-2000,-2000,-1800,-1235,-2200
4,2,"Fri Apr 07, 2017",Detroit,114,58%,+550,+534,+635,+520,+560,+500,+570,+550,+590,+520,+560,+650,+635,-,+522,-,-,-,+495,+495,+600,+520,+562,+570,+500,+500,+580,+495,+550
5,2,"Fri Apr 07, 2017",Houston,109,42%,-800,-650,-800,-725,-725,-800,-745,-800,-850,-725,-725,-850,-800,-,-747,-,-,-,-690,-690,-955,-725,-800,-745,-700,-800,-620,-690,-800
6,3,"Fri Apr 07, 2017",New York,88,64%,+550,+828,+850,+711,+775,+800,+745,+725,+800,+711,+775,+800,+850,-,+828,-,-,-,+700,+700,+710,+711,+688,+745,+750,+800,+860,+700,+800
7,3,"Fri Apr 07, 2017",Memphis,101,36%,-800,-1100,-1050,-1100,-1100,-1600,-1045,-1300,-1200,-1100,-1100,-1200,-1050,-,-1100,-,-,-,-1100,-1100,-1050,-1100,-1050,-1045,-1100,-1600,-1100,-1100,-1300
8,4,"Fri Apr 07, 2017",San Antonio,102,59%,+230,+180,+185,+170,+175,+170,+180,+170,+180,+170,+175,+180,+185,-,+173,+173,+173,+175,+175,+175,+170,+170,+166,+180,+170,+170,+183,+175,+180
9,4,"Fri Apr 07, 2017",Dallas,89,41%,-270,-200,-200,-200,-205,-200,-210,-200,-210,-200,-205,-210,-200,-,-208,-208,-208,-210,-210,-210,-200,-200,-195,-210,-200,-200,-197,-210,-220
10,5,"Fri Apr 07, 2017",Minnesota,113,0%,+360,+569,+570,+520,+545,+475,+525,+525,+525,+520,+545,+550,+570,-,+522,+462,+462,+500,+515,+515,+510,+520,+520,+525,+550,+475,+600,+515,+525
11,5,"Fri Apr 07, 2017",Utah,120,100%,-450,-700,-705,-725,-710,-750,-675,-750,-725,-725,-710,-750,-705,-,-747,-637,-637,-700,-725,-725,-705,-725,-725,-675,-750,-750,-680,-725,-750
12,6,"Fri Apr 07, 2017",New Orleans,106,48%,+255,+252,+260,+252,+250,+250,+255,+255,+240,+252,+250,+255,+260,-,+246,+244,+244,+250,+260,+260,+250,+252,+237,+255,+260,+250,+256,+260,+250
13,6,"Fri Apr 07, 2017",Denver,122,52%,-310,-285,-290,-310,-300,-300,-315,-310,-300,-310,-300,-310,-290,-,-291,-294,-294,-310,-320,-320,-310,-310,-290,-315,-320,-300,-280,-320,-310
14,7,"Fri Apr 07, 2017",Oklahoma City,99,48%,-365,-450,-450,-450,-470,-600,-505,-480,-500,-450,-470,-470,-450,-,-468,-468,-468,-500,-480,-480,-480,-450,-525,-505,-500,-600,-440,-480,-500
15,7,"Fri Apr 07, 2017",Phoenix,120,52%,+305,+385,+400,+351,+395,+400,+380,+365,+400,+351,+395,+370,+400,-,+368,+368,+368,+375,+370,+370,+365,+351,+400,+380,+400,+400,+430,+370,+375
16,8,"Fri Apr 07, 2017",Sacramento,94,54%,+110,+127,+125,+125,+125,+120,+120,+110,+120,+125,+125,+110,+125,-,+124,+124,+124,+120,+120,+120,+110,+125,+120,+120,+115,+120,+129,+120,+120
17,8,"Fri Apr 07, 2017",L.A. Lakers,98,46%,-130,-140,-135,-145,-145,-140,-140,-130,-140,-145,-145,-130,-135,-,-144,-144,-144,-140,-140,-140,-130,-145,-140,-140,-135,-140,-138,-140,-140
0,0,"Thu Apr 06, 2017",Brooklyn,107,55%,+125,+103,-102,-107,-102,-110,-105,-105,-105,-107,-102,-102,-102,-,-108,+105,+105,+120,-105,-105,-115,-107,-110,-110,-105,-110,+105,-105,-105
1,0,"Thu Apr 06, 2017",Orlando,115,45%,-145,-114,-118,-113,-118,-110,-115,-115,-115,-113,-118,-118,-118,-,-112,-125,-125,-140,-110,-110,-105,-113,-110,-110,-115,-110,-112,-110,-115
2,1,"Thu Apr 06, 2017",Chicago,102,54%,-235,-250,-245,-235,-255,-245,-250,-220,-225,-235,-255,-225,-245,-,-227,-227,-227,-250,-250,-250,-250,-235,-230,-245,-230,-245,-234,-250,-230
3,1,"Thu Apr 06, 2017",Philadelphia,90,46%,+195,+222,+205,+195,+215,+205,+210,+180,+190,+195,+215,+195,+205,-,+187,+187,+187,+200,+205,+205,+205,+195,+192,+205,+190,+205,+220,+205,+190
4,2,"Thu Apr 06, 2017",Milwaukee,89,49%,+165,+174,+170,+166,+175,+165,+165,+165,+175,+166,+175,+170,+170,-,+169,+169,+169,+170,+160,+160,+155,+166,+165,+165,+165,+165,+178,+160,+170
5,2,"Thu Apr 06, 2017",Indiana,104,51%,-190,-194,-200,-195,-205,-190,-190,-190,-200,-195,-205,-200,-200,-,-199,-199,-199,-200,-195,-195,-180,-195,-185,-190,-185,-190,-190,-195,-200
6,3,"Thu Apr 06, 2017",Washington,106,63%,-230,-242,-240,-240,-260,-265,-265,-255,-235,-240,-260,-260,-240,-,-249,-249,-249,-255,-255,-255,-280,-240,-250,-270,-250,-265,-238,-255,-260
7,3,"Thu Apr 06, 2017",New York,103,37%,+190,+216,+220,+199,+220,+225,+215,+215,+195,+199,+220,+220,+220,-,+209,+209,+209,+205,+210,+210,+225,+199,+207,+220,+210,+225,+244,+210,+215
8,4,"Thu Apr 06, 2017",Boston,116,63%,-125,-113,-117,-116,-113,-130,-120,-125,-125,-116,-113,-117,-117,-,-119,-118,-118,-130,-115,-115,-125,-116,-116,-120,-120,-130,-111,-115,-115
9,4,"Thu Apr 06, 2017",Atlanta,123,37%,+105,+102,-103,-104,-107,+110,+100,+105,+105,-104,-107,-103,-103,-,-101,-102,-102,+110,-105,-105,+100,-104,-104,+100,+100,+110,+105,-105,-105
10,5,"Thu Apr 06, 2017",Minnesota,98,40%,+195,+195,+180,+180,+200,+195,+195,+185,+185,+180,+200,+190,+180,-,+187,+187,+187,+185,+190,+190,+180,+180,+170,+195,+180,+195,+200,+190,+190
11,5,"Thu Apr 06, 2017",Portland,105,60%,-235,-218,-220,-215,-240,-235,-230,-225,-220,-215,-240,-220,-220,-,-227,-227,-227,-225,-230,-230,-220,-215,-200,-230,-220,-235,-212,-230,-230
0,0,"Wed Apr 05, 2017",Miami,112,48%,+105,+132,+125,+130,+125,+125,+130,+120,+125,+130,+125,+125,+125,-,+129,+129,+129,+125,+120,+120,+125,+130,+130,+125,+125,+125,+136,+120,+125
1,0,"Wed Apr 05, 2017",Charlotte,99,52%,-125,-146,-145,-150,-145,-145,-150,-140,-145,-150,-145,-145,-145,-,-149,-149,-149,-145,-140,-140,-145,-150,-150,-145,-145,-145,-142,-140,-145
2,1,"Wed Apr 05, 2017",Toronto,105,66%,+105,-147,-150,-135,-150,-155,-155,-155,-155,-135,-150,-110,-150,-,-151,-,-,-150,-155,-155,-140,-135,-120,-155,-150,-155,-143,-155,-160
3,1,"Wed Apr 05, 2017",Detroit,102,34%,-125,+133,+130,+115,+130,+135,+135,+135,+135,+115,+130,-110,+130,-,+131,-,-,+130,+130,+130,+120,+115,+100,+135,+130,+135,+135,+130,+140
4,2,"Wed Apr 05, 2017",Cleveland,114,58%,+140,+151,+155,+155,+153,+145,+145,+160,+155,+155,+153,+155,+155,-,+154,+154,+154,+150,+150,+150,+150,+155,+155,+145,+160,+145,+151,+150,+160
5,2,"Wed Apr 05, 2017",Boston,91,42%,-160,-167,-175,-180,-173,-165,-165,-180,-175,-180,-173,-175,-175,-,-174,-174,-174,-180,-180,-180,-175,-180,-180,-165,-180,-165,-153,-180,-180
6,3,"Wed Apr 05, 2017",Denver,104,63%,+380,+285,+300,+271,+290,+265,+270,+270,+290,+271,+290,+275,+300,-,+275,+275,+275,+280,+275,+275,+275,+271,+271,+270,+280,+265,+290,+275,+270
7,3,"Wed Apr 05, 2017",Houston,110,37%,-475,-325,-330,-335,-350,-330,-330,-330,-350,-335,-350,-345,-330,-,-335,-335,-335,-350,-345,-345,-350,-335,-335,-330,-340,-330,-300,-345,-340
8,4,"Wed Apr 05, 2017",Oklahoma City,103,57%,+103,-138,-135,-140,-140,-150,-135,-140,-140,-140,-140,-103,-135,-,-142,-,-,-140,-140,-140,-140,-140,-140,-140,-145,-150,-134,-140,-140
9,4,"Wed Apr 05, 2017",Memphis,100,43%,-123,+125,+125,+120,+120,+130,+115,+120,+120,+120,+120,-117,+125,-,+122,-,-,+120,+120,+120,+120,+120,+120,+120,+125,+130,+127,+120,+120
10,5,"Wed Apr 05, 2017",L.A. Lakers,102,36%,+425,+1051,+1050,+857,+1025,+750,+835,+775,+935,+857,+1025,+950,+1050,-,+1051,+1051,+1051,+500,+810,+810,+1100,+857,+857,+835,+900,+750,+1150,+810,+950
11,5,"Wed Apr 05, 2017",San Antonio,95,64%,-550,-1500,-1300,-1450,-1600,-1400,-1185,-1500,-1450,-1450,-1600,-1450,-1300,-,-1500,-1500,-1500,-700,-1365,-1365,-1885,-1450,-1450,-1185,-1500,-1400,-1450,-1365,-1600
12,6,"Wed Apr 05, 2017",Golden State,120,54%,-330,-460,-470,-425,-475,-500,-445,-470,-450,-425,-475,-470,-470,-,-477,-477,-477,-460,-440,-440,-515,-425,-475,-445,-475,-500,-410,-440,-450
13,6,"Wed Apr 05, 2017",Phoenix,111,46%,+270,+393,+375,+334,+400,+350,+355,+360,+355,+334,+400,+370,+375,-,+377,+377,+377,+355,+340,+340,+395,+334,+367,+355,+375,+350,+400,+340,+350
14,7,"Wed Apr 05, 2017",Dallas,101,53%,+600,+604,+550,+562,+600,+525,+605,+550,+550,+562,+600,+600,+550,-,+552,+652,+563,+500,+525,+525,+620,+562,+614,+605,+650,+525,+650,+525,+575
15,7,"Wed Apr 05, 2017",L.A. Clippers,112,47%,-900,-750,-800,-800,-800,-850,-855,-800,-750,-800,-800,-800,-800,-,-802,-952,-838,-700,-745,-745,-885,-800,-900,-855,-850,-850,-740,-745,-850
0,0,"Tue Apr 04, 2017",Brooklyn,141,52%,+103,-125,-130,-135,-135,-130,-130,-130,-130,-135,-135,-130,-130,-,-129,-,-,-130,-130,-130,-125,-135,-125,-135,-130,-130,-122,-130,-130
1,0,"Tue Apr 04, 2017",Philadelphia,118,48%,-113,+113,+110,+115,+115,+110,+110,+110,+110,+115,+115,+110,+110,-,+109,-,-,+110,+110,+110,+105,+115,+105,+115,+110,+110,+114,+110,+110
2,1,"Tue Apr 04, 2017",Orlando,102,36%,+435,+520,+525,+562,+575,+525,+565,+510,+600,+562,+575,+550,+525,-,+505,+425,+425,+440,+520,+520,+550,+562,+562,+565,+500,+525,+640,+520,+525
3,1,"Tue Apr 04, 2017",Cleveland,122,64%,-500,-630,-750,-800,-750,-850,-740,-720,-800,-800,-750,-750,-750,-,-705,-575,-575,-590,-740,-740,-770,-800,-800,-740,-700,-850,-660,-740,-750
4,2,"Tue Apr 04, 2017",Toronto,90,56%,+120,+134,+130,+125,+143,+125,+130,+125,+135,+125,+143,+130,+130,-,+124,+124,+124,+125,+125,+125,+120,+125,+125,+125,+130,+125,+130,+125,+130
5,2,"Tue Apr 04, 2017",Indiana,108,44%,-140,-148,-150,-145,-163,-145,-150,-145,-155,-145,-163,-150,-150,-,-144,-144,-144,-145,-150,-150,-140,-145,-145,-145,-150,-145,-137,-150,-150
6,3,"Tue Apr 04, 2017",Charlotte,111,44%,+160,+133,+130,+130,+125,+135,+130,+130,+130,+130,+125,+130,+130,-,+130,+130,+130,+130,+125,+125,+135,+130,+130,+135,+130,+135,+135,+125,+125
7,3,"Tue Apr 04, 2017",Washington,118,56%,-170,-147,-150,-150,-145,-155,-150,-150,-150,-150,-145,-150,-150,-,-150,-150,-150,-150,-150,-150,-160,-150,-150,-155,-150,-155,-144,-150,-145
8,4,"Tue Apr 04, 2017",Chicago,91,63%,-155,-185,-200,-200,-205,-210,-210,-205,-200,-200,-205,-200,-200,-,-198,-198,-198,-200,-200,-200,-205,-200,-190,-210,-200,-210,-187,-200,-200
9,4,"Tue Apr 04, 2017",New York,100,37%,+145,+166,+170,+170,+175,+175,+180,+175,+170,+170,+175,+170,+170,-,+168,+168,+168,+170,+165,+165,+170,+170,+163,+180,+170,+175,+177,+165,+170
10,5,"Tue Apr 04, 2017",Milwaukee,79,48%,+170,+215,+200,+203,+215,+200,+210,+210,+205,+203,+215,+205,+200,-,+208,+208,+208,+205,+205,+205,+200,+203,+192,+215,+220,+200,+220,+205,+200
11,5,"Tue Apr 04, 2017",Oklahoma City,110,52%,-185,-241,-240,-245,-255,-240,-250,-250,-245,-245,-255,-240,-240,-,-248,-248,-248,-255,-250,-250,-245,-245,-230,-265,-260,-240,-238,-250,-240
12,6,"Tue Apr 04, 2017",Denver,134,49%,+130,+137,+135,+135,+135,+135,+135,+135,+135,+135,+135,+135,+135,-,+135,+135,+133,+135,+140,+140,+135,+135,+135,+135,+135,+135,+138,+140,+135
13,6,"Tue Apr 04, 2017",New Orleans,131,51%,-140,-152,-155,-155,-155,-155,-155,-155,-155,-155,-155,-155,-155,-,-155,-155,-153,-160,-165,-165,-160,-155,-155,-155,-155,-155,-147,-165,-155
14,7,"Tue Apr 04, 2017",Memphis,89,48%,+405,+371,+350,+351,+370,+350,+360,+340,+350,+351,+370,+340,+350,-,+364,+364,+364,+350,+350,+350,+400,+351,+351,+360,+350,+350,+380,+350,+350
15,7,"Tue Apr 04, 2017",San Antonio,95,52%,-455,-432,-440,-450,-440,-500,-460,-440,-450,-450,-440,-440,-440,-,-439,-439,-439,-450,-455,-455,-525,-450,-450,-460,-450,-500,-430,-455,-450
16,8,"Tue Apr 04, 2017",Portland,87,61%,+230,+206,+210,+199,+200,+195,+210,+200,+200,+199,+200,+205,+210,-,+199,+199,+199,+195,+205,+205,+195,+199,+199,+205,+200,+195,+208,+205,+200
17,8,"Tue Apr 04, 2017",Utah,106,39%,-270,-231,-230,-240,-240,-235,-250,-240,-240,-240,-240,-240,-230,-,-239,-239,-239,-245,-250,-250,-245,-240,-240,-245,-240,-235,-226,-250,-240
18,9,"Tue Apr 04, 2017",Dallas,87,54%,+120,-135,-145,-145,-140,-145,-140,-145,-145,-145,-140,-145,-145,-,-139,-105,+100,-145,-145,-145,-155,-145,+105,-145,-145,-145,-141,-145,-145
19,9,"Tue Apr 04, 2017",Sacramento,98,46%,-140,+122,+125,+125,+120,+125,+120,+125,+125,+125,+120,+125,+125,-,+119,-115,-120,+125,+120,+120,+135,+125,-125,+125,+125,+125,+126,+120,+125
20,10,"Tue Apr 04, 2017",Minnesota,107,64%,+1000,+1198,+1050,+980,+1075,+900,+1050,+850,+1085,+980,+1075,+1000,+1050,-,+1175,-,-,-,+800,+800,+900,+980,+980,+1050,+1100,+900,+1200,+800,+1100
21,10,"Tue Apr 04, 2017",Golden State,121,36%,-1200,-1800,-1600,-1800,-1700,-1900,-1600,-1800,-1800,-1800,-1700,-1600,-1600,-,-1750,-,-,-,-1335,-1335,-1480,-1800,-1800,-1600,-2000,-1900,-1350,-1335,-1800
0,0,"Mon Apr 03, 2017",Portland,109,56%,+105,+120,+110,+110,+112,+100,+110,+110,+110,+110,+112,+110,+110,-,+113,+113,+113,+110,+110,+110,+100,+110,+110,+105,+105,+100,+105,+110,+110
1,0,"Mon Apr 03, 2017",Minnesota,110,44%,-125,-132,-130,-130,-132,-120,-130,-130,-130,-130,-132,-130,-130,-,-133,-133,-133,-130,-130,-130,-120,-130,-130,-125,-125,-120,-123,-130,-130
0,0,"Sun Apr 02, 2017",Boston,110,59%,-255,-333,-370,-420,-350,-380,-365,-340,-335,-420,-350,-335,-370,-,-343,-343,-343,-355,-345,-345,-380,-420,-345,-365,-330,-380,-325,-345,-350
1,0,"Sun Apr 02, 2017",New York,94,41%,+235,+292,+310,+330,+290,+290,+295,+275,+275,+330,+290,+270,+310,-,+283,+283,+283,+285,+275,+275,+300,+330,+278,+295,+270,+290,+268,+275,+275
2,1,"Sun Apr 02, 2017",Charlotte,113,36%,+180,+186,+175,+172,+175,+175,+180,+170,+175,+172,+175,+180,+175,-,+171,+173,+173,+175,+175,+175,+180,+172,+169,+185,+180,+175,+192,+175,+175
3,1,"Sun Apr 02, 2017",Oklahoma City,101,64%,-220,-208,-210,-205,-205,-210,-210,-200,-200,-205,-205,-210,-210,-,-201,-213,-213,-210,-210,-210,-220,-205,-196,-215,-220,-210,-204,-210,-210
4,2,"Sun Apr 02, 2017",Dallas,109,47%,+205,+222,+225,+218,+220,+230,+210,+225,+230,+218,+220,+225,+225,-,+216,+216,+216,+215,+205,+205,+230,+218,+218,+215,+230,+230,+232,+205,+230
5,2,"Sun Apr 02, 2017",Milwaukee,105,53%,-245,-250,-265,-265,-260,-270,-250,-265,-270,-265,-260,-265,-265,-,-256,-256,-256,-265,-255,-255,-285,-265,-265,-265,-270,-270,-252,-255,-280
6,3,"Sun Apr 02, 2017",Utah,103,46%,+175,+180,+178,+176,+190,+180,+180,+175,+185,+176,+190,+185,+178,-,+173,+173,+173,+175,+175,+175,+205,+176,+199,+185,+180,+180,+184,+175,+175
7,3,"Sun Apr 02, 2017",San Antonio,109,54%,-190,-200,-215,-210,-220,-220,-210,-205,-220,-210,-220,-215,-215,-,-208,-208,-208,-210,-215,-215,-255,-210,-240,-220,-220,-220,-195,-215,-210
8,4,"Sun Apr 02, 2017",Memphis,103,62%,-290,-290,-310,-305,-310,-300,-320,-320,-300,-305,-310,-310,-310,-,-312,-312,-312,-310,-310,-310,-310,-305,-305,-320,-340,-300,-286,-310,-315
9,4,"Sun Apr 02, 2017",L.A. Lakers,108,38%,+245,+256,+255,+249,+260,+250,+260,+260,+240,+249,+260,+255,+255,-,+252,+252,+252,+250,+250,+250,+250,+249,+249,+260,+280,+250,+260,+250,+255
10,5,"Sun Apr 02, 2017",Denver,116,47%,+160,+146,+150,+144,+150,+145,+145,+145,+145,+144,+150,+145,+150,-,+144,+144,+144,+145,+140,+140,+145,+144,+144,+145,+145,+145,+149,+140,+145
11,5,"Sun Apr 02, 2017",Miami,113,53%,-185,-162,-160,-165,-170,-165,-165,-165,-165,-165,-170,-165,-160,-,-164,-164,-164,-170,-165,-165,-170,-165,-165,-165,-165,-165,-159,-165,-165
12,6,"Sun Apr 02, 2017",Indiana,130,57%,+360,+330,+320,+317,+330,+300,+315,+320,+310,+317,+330,+295,+320,-,+320,+320,+320,+315,+300,+300,+345,+317,+317,+315,+310,+300,+345,+300,+310
13,6,"Sun Apr 02, 2017",Cleveland,135,43%,-450,-380,-390,-400,-400,-400,-395,-410,-400,-400,-400,-390,-390,-,-390,-390,-390,-410,-380,-380,-435,-400,-400,-395,-380,-400,-370,-380,-390
14,7,"Sun Apr 02, 2017",Atlanta,82,63%,-130,-163,-150,-160,-170,-155,-160,-150,-155,-160,-170,-155,-150,-,-165,-165,-165,-160,-150,-150,-175,-160,-155,-160,-150,-155,-161,-150,-155
15,7,"Sun Apr 02, 2017",Brooklyn,91,37%,+120,+147,+140,+140,+150,+135,+140,+130,+135,+140,+150,+135,+140,-,+145,+145,+145,+135,+125,+125,+150,+140,+135,+140,+130,+135,+149,+125,+135
16,8,"Sun Apr 02, 2017",Chicago,117,67%,+245,+318,+328,+317,+315,+290,+325,+300,+310,+317,+315,+290,+328,-,+312,+312,+312,+315,+315,+315,+310,+317,+317,+325,+320,+290,+330,+315,+320
17,8,"Sun Apr 02, 2017",New Orleans,110,33%,-290,-365,-365,-400,-375,-380,-405,-380,-400,-400,-375,-380,-365,-,-372,-372,-372,-410,-405,-405,-405,-400,-400,-405,-400,-380,-370,-405,-400
18,9,"Sun Apr 02, 2017",Philadelphia,105,56%,+525,+673,+660,+614,+635,+500,+605,+575,+600,+614,+635,+650,+660,-,+642,+642,+642,+495,+575,+575,+650,+614,+588,+605,+550,+500,+720,+575,+600
19,9,"Sun Apr 02, 2017",Toronto,113,44%,-750,-852,-840,-900,-850,-800,-855,-850,-800,-900,-850,-900,-840,-,-942,-942,-942,-690,-840,-840,-890,-900,-850,-855,-750,-800,-760,-840,-900
20,10,"Sun Apr 02, 2017",Washington,115,54%,+425,+423,+435,+416,+430,+400,+420,+410,+445,+416,+430,+415,+435,-,+402,+402,+402,+415,+375,+375,+425,+416,+416,+420,+425,+400,+440,+375,+425
21,10,"Sun Apr 02, 2017",Golden State,139,46%,-550,-500,-500,-550,-525,-600,-545,-550,-550,-550,-525,-525,-500,-,-522,-522,-522,-565,-495,-495,-555,-550,-550,-545,-550,-600,-480,-495,-550
22,11,"Sun Apr 02, 2017",Houston,123,43%,-660,-310,-300,-315,-330,-320,-350,-320,-330,-315,-330,-320,-300,-,-322,-322,-322,-330,-350,-350,-300,-315,-275,-350,-330,-320,-300,-350,-350
23,11,"Sun Apr 02, 2017",Phoenix,116,57%,+540,+273,+270,+256,+275,+260,+280,+260,+270,+256,+275,+260,+270,-,+262,+262,+262,+265,+280,+280,+245,+256,+226,+280,+270,+260,+280,+280,+275
0,0,"Sat Apr 01, 2017",L.A. Lakers,104,59%,+1100,+1198,+1300,+1041,+1175,+1100,+1200,+1000,-,+1041,+1175,+1300,+1300,-,+1244,-,-,-,-,-,+1045,+1041,+1041,+1150,+1400,+1100,+1450,-,+1200
1,0,"Sat Apr 01, 2017",L.A. Clippers,115,41%,-1700,-1800,-2150,-2000,-2000,-2300,-2100,-2500,-,-2000,-2000,-2150,-2150,-,-1900,-,-,-,-,-,-1745,-2000,-2000,-2050,-2500,-2300,-1700,-,-2400
2,1,"Sat Apr 01, 2017",Atlanta,104,47%,+165,+186,+190,+195,+190,+175,+195,+180,+185,+195,+190,+190,+190,-,+187,+187,+179,+190,+190,+190,+200,+195,+192,+195,+200,+175,+193,+190,+190
3,1,"Sat Apr 01, 2017",Chicago,106,53%,-190,-207,-210,-235,-220,-210,-230,-220,-220,-235,-220,-220,-210,-,-227,-227,-219,-235,-230,-230,-250,-235,-230,-230,-240,-210,-200,-230,-230
4,2,"Sat Apr 01, 2017",Orlando,111,59%,+135,+150,+160,+144,+145,+155,+150,+155,+155,+144,+145,+155,+160,-,+158,+158,+158,+150,+145,+145,+155,+144,+144,+145,+155,+155,+163,+145,+155
5,2,"Sat Apr 01, 2017",Brooklyn,121,41%,-155,-166,-170,-165,-165,-175,-170,-175,-175,-165,-165,-175,-170,-,-178,-178,-178,-180,-175,-175,-185,-165,-165,-165,-175,-175,-172,-175,-175
6,3,"Sat Apr 01, 2017",Sacramento,123,67%,+700,+651,+600,+664,+625,+600,+670,+600,+700,+664,+625,+650,+600,-,+598,-,-,-,+660,+660,+665,+664,+664,+670,+650,+600,+720,+660,+600
7,3,"Sat Apr 01, 2017",Minnesota,117,33%,-1100,-820,-900,-1000,-825,-1000,-920,-900,-1000,-1000,-825,-900,-900,-,-873,-,-,-,-1010,-1010,-965,-1000,-1000,-920,-850,-1000,-840,-1010,-900
8,4,"Sat Apr 01, 2017",Phoenix,117,57%,+700,+569,+500,+562,+560,+450,+565,+515,+550,+562,+560,+505,+500,-,+522,-,-,-,+545,+545,+510,+562,+506,+565,+500,+450,+590,+545,+525
9,4,"Sat Apr 01, 2017",Portland,130,43%,-1100,-700,-700,-800,-725,-700,-740,-730,-750,-800,-725,-680,-700,-,-747,-,-,-,-780,-780,-710,-800,-700,-740,-700,-700,-680,-780,-750
